sentence_id,transcript_id,timestamp,speaker,sentence,selected_label
47437,TS3011b,00:18:28,Speaker D,"Well, t we won't support teletext which which was the third-most the second-most used function.",Information
42041,TS3007b,00:40:38,Speaker B,"Oh yeah, it's not connected to the",Discussion
13926,ES2009a,00:10:36,Speaker A,"Oh, have you been home yet? They'll be like, say something British, and you're like oh shut up family.",Information
36313,TS3004a,00:04:54,Speaker D,I can see it now.,Discussion
18795,ES2014d,00:40:06,Speaker D,"Yeah. Well, we were finding out various things in",Discussion
47248,TS3011a,00:19:07,Speaker B,They're very vu vulnerable.,Discussion
23189,IB4011,00:36:38,Speaker D,"Okay, me I put two to American Beauty",Discussion
21167,IB4002,00:07:13,Speaker C,"Yes, I'm doing a P_H_D_. Yes. Officially. .",Discussion
39857,TS3006a,00:16:19,Speaker A,we can go ahead with what we have. I will summarise the things we discussed and put it in the project folder.,Discussion
26793,IS1000b,00:03:22,Speaker B,"So I see all everybody's here, 'kay.",Discussion
9047,ES2004a,00:00:10,Speaker B,Are we we're not allowed to dim the lights so people can see that a bit better?,Information
45507,TS3009c,00:20:27,Speaker B,Well this is a terrible,Information
36616,TS3004b,00:14:59,Speaker B,I dunno. I don't have I did,Discussion
14271,ES2009c,00:15:47,Speaker B,I know. It's fun.,Discussion
16802,ES2012c,00:28:28,Speaker A,Oh no that well there's the sim my my idea was something a b probably you know a bit fatter than this but sort of tha that sorta shape so that you can just sort of ho hold it.,Information
16065,ES2011c,00:26:11,Speaker A,"talk about? Oh when we move on, you two are going to be playing with play-dough.",Action_Item
27484,IS1000d,00:23:32,Speaker A,Give it a one? Yep.,Discussion
13608,ES2008d,00:22:50,Speaker B,"Well, are we talking about on each colour combination or are we, you know, we'll like we'll have yellow and black. Is that two special colours?",Information
3685,EN2003a,00:19:36,Speaker A,I mean I think the Informatics are definitely worth asking. th there's there's C_S_T_R_ and H_C_R_C_.,Discussion
15022,ES2010b,00:27:22,Speaker C,And then add a,Discussion
12255,ES2007b,00:25:59,Speaker D,"But if it's a R_R_, it would be Real Reaction, like if it had a symbol on it.",Action_Item
41750,TS3007a,00:21:39,Speaker A,"But we have to keep an eye that it's at the beginning of such a project, it's it's it's very cool to talk about, well, this would be cool, that would be cool. but we must not lose sight of the the user friendly",Action_Item
18327,ES2014c,00:26:53,Speaker A,"Was that in the sort of fashion sense that this Or was the spongy feel was that sort of fashion? It was, wasn't it? So the",Information
3482,EN2002d,00:28:44,Speaker B,"But at the beginning, it when you haven't searched yet, is it is it just is it still divided into two and the bottom half is just just empty? Okay.",Information
35111,IS1009d,00:11:37,Speaker D,And this brings the menu up on the screen? This brings the menu up on the screen and the orange ones are,Information
38662,TS3005c,00:21:43,Speaker C,"Yeah, three quarters. So so you don't have to put your oh.",Discussion
40963,TS3006d,00:09:28,Speaker A,"Yeah, and even if we drop three buttons from here, we still have to make some adjustments around here. So",Discussion
38583,TS3005c,00:13:19,Speaker B,"I forgot that one. I thought I forgot something, but . And and the numbers, that should be a bit larger I think it's not really on scale and and so forth. an options button. And I thought the the button for teletext apar apart because it's not really options, I think. It's options is the settings of the remote and of the T_V_ and that kind of thing. So could call it settings or something. But this is a bit how I thought it. And the L_C_D_ somewhere on the remote. Perhaps we could be more curvy the remote perhaps should,",Discussion
22716,IB4010,00:38:36,Speaker D,"Yeah, it's his family name and actually Jeffrey Lebowski and he's he's the there is a a story with another Lebowski that yeah.",Information
32237,IS1006b,00:17:22,Speaker B,According to the distance. Yeah yeah yeah.,Information
5750,EN2006b,00:29:04,Speaker B,That's not a separate source.,Discussion
21760,IB4004,00:10:50,Speaker A,"Okay, so we would prefer the names. Okay I I don't want to influence you too much, but mm I'm perfectly happy to start with this as the basis and then change things.",Information
8162,ES2002d,00:27:34,Speaker B,Very good. what about leadership?,Discussion
32908,IS1006d,00:21:58,Speaker C,"Yeah. Then it automatically we can just do like you feel, it goes. And it will activate , plus, yeah, it's price is really",Information
27578,IS1000d,00:29:13,Speaker B,"Yes, exactly like it. , so",Discussion
35625,TS3003b,00:31:32,Speaker D,"And it wouldn't have to be touchscreen or a very expensive screen, but",Discussion
25244,IN1012,00:26:34,Speaker B,"Oh well, it's it has been used for speech coding. Nob nobody use it for recognition stuff I think, I never heard that.",Discussion
20316,ES2016c,00:05:55,Speaker A,Marketing? We're watching trends. I suppose that you can have this.,Information
31483,IS1005a,00:01:28,Speaker A,"So I dunno, you can starts.",Discussion
11816,ES2006d,00:26:11,Speaker A,I think it mm,Discussion
3863,EN2004a,00:14:20,Speaker B,"Yeah. Well, I wouldn't bother to mark all of those instances though.",Discussion
14632,ES2009d,00:27:59,Speaker A,I dunno about you guys but I felt like,Discussion
36062,TS3003d,00:20:59,Speaker A,"So we make one for the volume, one for the channel.",Discussion
22875,IB4011,00:05:50,Speaker B,"It's it's hard to tell. So that's your impression. Yeah. That's mine, but",Discussion
37855,TS3004d,00:33:21,Speaker C,"Yeah, just brainstorming basically.",Summary
11313,ES2006c,00:15:15,Speaker B,"Oh, it's like the iPod.",Discussion
38659,TS3005c,00:21:36,Speaker B,Yeah it it's supposed to be bit s bit s bit Yeah.,Discussion
15707,ES2011b,00:14:19,Speaker A,wha what well probably our target group and how it's gonna going to appeal to our target group and I dunno the the s the buttons and what it does and that sort of thing. So.,Action_Item
15357,ES2010d,00:06:07,Speaker A,"Alright, average is two.",Information
35719,TS3003c,00:15:44,Speaker A,So these are the points we have to discuss.,Information
21766,IB4004,00:11:21,Speaker A,"Mm-hmm. Or actually, Pierrette is a woman too. Yeah, it's the feminine of Pierre.",Information
28093,IS1001b,00:27:46,Speaker A,Yeah. Maybe switch T_V_ on and off,Discussion
23399,IN1001,00:28:12,Speaker A,"okay, so maybe like here for instance it is a just reproduced two times .",Discussion
12556,ES2007c,00:36:36,Speaker A,Okay. right well. It's we're we've still couple of minutes until our meeting's due to finish.,Information
18297,ES2014c,00:21:51,Speaker C,and I think that's all I had to say for that.,Discussion
10036,ES2005a,00:02:24,Speaker A,"'Cause I I know as you add more buttons to the remote it sometimes gets so big and clunky and there's just like a hundred buttons on it, or you could have a really small slim one but then you could lose it easily.",Discussion
29657,IS1003c,00:03:09,Speaker C,"Yeah. It's hard f i it's easy for you to remember it. Or to recognise it, yeah.",Information
49181,TS3012c,00:30:06,Speaker A,"Okay, so we want the remote to be the s the side view actually, what I'm gonna draw. So",Discussion
15064,ES2010c,00:05:43,Speaker C,"Okay, looking at the interface concept, it's gonna be mostly examples of possibilities of where we can go with this. if you wanna start the next slide.",Information
18911,ES2015a,00:08:03,Speaker D,"-oh, we have a good artist.",Information
13134,ES2008b,00:36:56,Speaker D,"But if I open it and then save it, probably will be there. Oh wait, never mind you can't save it to the",Discussion
21932,IB4004,00:26:21,Speaker A,"Except that we cannot read it, but",Discussion
14526,ES2009d,00:19:18,Speaker A,What do you guys feel about the process?,Discussion
34209,IS1008b,00:25:10,Speaker B,the only thing that I saw missing from your your research that we found was this ability to find the doggone thing when you need it.,Information
15903,ES2011c,00:10:56,Speaker B,"They have to r wheel really fast. But I think the wheel goes through like a hundred channels, at least on theirs.",Discussion
33957,IS1008a,00:06:26,Speaker A,"Yeah, but before we talk about the finance, okay, do you have some idea how we can sell this product or project in the market and how much is going to benefit to the company and of course it's to the individual also.",Action_Item
37816,TS3004d,00:30:09,Speaker D,the prices could be twenty Euros or something now. And then,Discussion
9138,ES2004a,00:13:35,Speaker A,You mean to save it lesser number.,Discussion
45774,TS3009c,00:37:19,Speaker B,"the fourth one is empty, isn't it? Yeah.",Information
10541,ES2005c,00:25:09,Speaker C,"Yes, or maybe it's just going a bit too far. I mean we are pushing it probably with funny fruit shapes. don't wanna sort of overkill.",Discussion
30292,IS1003d,00:25:13,Speaker B,"The solar cells, r is i is it?",Information
11957,ES2007a,00:08:26,Speaker A,I honestly can't draw for toffee. .,Discussion
42868,TS3007d,00:39:43,Speaker D,You have now ten minutes left to finish up the end report.,Information
1480,EN2001d,00:51:06,Speaker B,I think it would be cool if we could check the NITE clock f code or whatever code it is for this component and see if we can access those rate things and and do something useful with them and get notified when they change and stuff.,Discussion
43575,TS3008c,00:12:59,Speaker A,"I think yeah, I don't know why, but I think that is that's t trendy too, because that's the mo it it you know, it's acc acc accentu , how do you say it?",Discussion
37782,TS3004d,00:27:18,Speaker D,Yeah. So we are,Information
13701,ES2008d,00:30:18,Speaker C,Break the stem off.,Discussion
22335,IB4010,00:05:06,Speaker D,"It's the bald guy, the",Discussion
45155,TS3009b,00:30:17,Speaker D,Th that's not a problem. When I draw here it Oh. Huh?,Discussion
43951,TS3008d,00:04:15,Speaker C,It's a television. Yes.,Information
376,EN2001a,00:53:43,Speaker E,Okay. Wh what connection do you have at home?,Discussion
16949,ES2012d,00:10:48,Speaker D,So and also technologically innovative?,Discussion
1792,EN2001e,00:41:00,Speaker A,No. it's only if they're used in different contexts.,Discussion
8323,ES2003a,00:12:01,Speaker B,Okay. Now we better actually just get on with the the meat of the project. So I'm gonna guess that we've all used remote controls.,Discussion
34140,IS1008b,00:16:13,Speaker B,so that y you know sen send power to it.,Discussion
17666,ES2013d,00:19:37,Speaker B,"Yeah, I think they're different, aren't they?",Discussion
23826,IN1002,00:26:09,Speaker D,"No, RAID five is better, I think. It l it levels.",Discussion
4596,EN2005a,01:20:38,Speaker D,"you know, taken you know, the good features from, you know, both sides and and tried to put them together.",Discussion
19519,ES2015d,00:01:23,Speaker A,"gave it. And talk about our finances, whether we were under or over our budget. I have a a spreadsheet where we can calculate our prices for every aspect of of what we've made, given our options. And evaluate the product, as a group. And",Discussion
19919,ES2016a,00:02:19,Speaker C,"Hiya, I'm Ryan. I'm the User Interface Designer. likewise I've three different roles for each stage of design. the functional design is looking at the tex technical functions of a remote control. in the concept design, the user interface, how the user reacts with the the product. And the detailed design sort of like the user interface design, what they might be looking for, things like fashions, what makes wha how we're gonna make it special.",Discussion
7381,ES2002a,00:12:02,Speaker D,Do we have any other background information on like how that compares to other,Discussion
16851,ES2012c,00:33:36,Speaker A,"a custom chip, but given the the we've cut the functions down, that will hopefully not be too problematic, but given that technol technological innovation is important, then we need to, I'll say it again, technologically innovate.",Action_Item
12171,ES2007b,00:15:14,Speaker A,"which I think it probably should be, even if it's a physical, you know, a f a like a f a physical switch or a physical cover for the remote, even something like that, then yes, it's like, you know, like s you said earlier on ab ab ab a flip thing, something like that, but you know being physical. Look into. I've had word down from head office that something that we should be centred well, something we should take into account is we've gotta keep the corporate image within this remote control unit. It's gotta d look like it's in the R_ and R_.",Discussion
24059,IN1005,00:15:28,Speaker D,"And if it should improve it, if you say this feature extraction process is better than you can have a better cleaner separation between those two.",Action_Item
29915,IS1003c,00:28:01,Speaker B,"I think the supplement can be the voice. It is just, you know, it is not the most important, but",Discussion
48971,TS3012c,00:12:56,Speaker A,Looks like a Star Trek phaser.,Discussion
47192,TS3011a,00:07:41,Speaker A,"Yep. Current colour, you can choose another colour. And for example",Decision
43791,TS3008c,00:29:48,Speaker D,That's way too Nokia.,Discussion
22727,IB4010,00:39:47,Speaker D,"so y y I don't know if you you cannot really see, but mm there is the the pricing information. So we said that one movie is eight Francs and three movies eighteen Francs. And we can have annual subscrip subscription of sixty Francs.",Information
17307,ES2013b,00:34:31,Speaker C,"Alright, well that's fine then.",Discussion
2818,EN2002c,00:15:01,Speaker C,Are you serious? That's a,Information
19362,ES2015c,00:19:57,Speaker B,"I think it would be possible. I don't think it would make that much difference. I mean, the the dimensions of it. 'Cause if it's just like constructed in the same way as like the front cover of a mobile phone. You can like take off the hard cover and then there's the like say the buttons. And then you get to the circuit. I don't think it would matter that the buttons were bigger through the, the top casing. I'm sure you could f work it out to fit in the casing, without causing too much difficulty. I'm sure that'd be fine.",Discussion
7804,ES2002c,00:34:15,Speaker B,"S so like cur slightly transparent case, so it's yellow, like tinted yellow, but you can maybe see through it. Is that what you mean?",Discussion
30385,IS1003d,00:31:53,Speaker A,"Yeah th no, it's the it's the pineapple control remote control. It's a pineapple now, it has changed. It's a pineapple. Pineapple.",Discussion
46524,TS3010b,00:20:16,Speaker D,"the second group is the older group. Aged between forty six and sixty five. They are less interested in new features. But they spend their money more easily. Now if we look back at this graph, we can see that among the first group is about sixty percent. And the second group about forty percent.",Information
4008,EN2004a,00:30:43,Speaker C,Well it could be she would or should as well. Yeah.,Discussion
48235,TS3011d,00:32:14,Speaker A,"no. Yeah, the project is evaluated. but, well, we need to redesign the product.",Action_Item
14012,ES2009a,00:18:46,Speaker A,"all right. So. I li I'm liking that idea, this idea of a touch screen remote with multi-format features. .",Information
42457,TS3007d,00:10:29,Speaker D,During the design design life-cycle we,Discussion
12108,ES2007b,00:05:13,Speaker B,Are we getting i,Information
33533,IS1007c,00:24:39,Speaker D,Yeah that has to be checked out.,Discussion
27585,IS1000d,00:30:20,Speaker A,Mm. There's n yeah. 'Cause that's the that's the feature that could be included in either of them. Although it is more with the spongy buttons on the,Discussion
26661,IS1000a,00:10:58,Speaker C,you forget about it.,Discussion
40904,TS3006d,00:04:46,Speaker B,But but th the cost of one integrated button is far more than a few extra push-buttons.,Information
17853,ES2014a,00:11:36,Speaker A,And so depending what the the overhead costs are will determine how many units we're looking to sell or projecting to sell at this point in time. So,Discussion
46591,TS3010b,00:30:40,Speaker A,Maybe in the menu?,Discussion
10497,ES2005c,00:21:55,Speaker A,So it'd look like this kinda.,Information
13058,ES2008b,00:29:29,Speaker A,"So our target group, we're saying, fifteen to thirty five?",Discussion
781,EN2001b,00:16:15,Speaker C,So you mean an a an attribute. Yeah.,Discussion
11198,ES2006b,00:31:58,Speaker C,"So that you can yell at it, yeah.",Discussion
4503,EN2005a,01:06:28,Speaker B,"-huh. Dialogue act, yeah.",Discussion
48350,TS3012a,00:09:51,Speaker A,Not sure where the p. Just put 'em here. Whatever.,Discussion
26802,IS1000b,00:04:12,Speaker D,So y you are the secretary also. Right? Okay.,Information
40330,TS3006b,00:37:36,Speaker A,Yeah it's a lot of pressure.,Discussion
4434,EN2005a,00:54:42,Speaker D,"So I mean I think it's clear that something at this level needs to be there. I mean and to ask questions, like who disagreed or were there any counter proposals or whatever. Even those kind of questions you need some kind of mark-up like this.",Decision
122,EN2001a,00:20:21,Speaker E,chunks representing the individual meetings or some,Discussion
3735,EN2003a,00:27:51,Speaker A,"Might even have to come in in the evening. But that's not the end of the world, but we might have to set some things up. Like maybe just get the chairs organised or whatever. We might actually have to go into the rooms and get things ready. And there's gonna be other things like getting the technology ready. So not only is there a pressure to have",Discussion
41456,TS3006d,00:40:57,Speaker D,It's not very ideal.,Discussion
39437,TS3005d,00:28:12,Speaker C,"You lose this one, you got eleven point five and you make i and then you can make the spec single curve, for example.",Information
11659,ES2006d,00:15:27,Speaker C,"All of the components have been used in other things before. But do yeah, yeah.",Discussion
25332,IN1012,00:36:56,Speaker A,But maybe my have a f for publishing another paper or something.,Discussion
45032,TS3009b,00:20:59,Speaker B,For instance you couldn't see this.,Discussion
32954,IS1006d,00:24:48,Speaker B,"So, was there result? Let's have a look.",Discussion
43943,TS3008d,00:03:45,Speaker B,"Yeah well, I don't have time in anymore on the",Discussion
23579,IN1001,00:50:30,Speaker C,"Yes. Yes. so just last question maybe, so this makes a X_M_L_ file. Okay. This is the the programme to to generating the X_M_L_ file and the the shot. And with the kayak you have one problems, you don't have the Real Media, so this is another thing.",Discussion
725,EN2001b,00:10:05,Speaker B,No but w like so they are they are segments in what sense? Wh what's definition of a segment then?,Discussion
45704,TS3009c,00:33:44,Speaker C,"Yeah it it should be hard on the on the on the board, and you can remove the front.",Discussion
1821,EN2001e,00:45:02,Speaker A,But actually this all here is N_L_S_S_D_ because it was data A_ that didn't fit on my quota anymore. Okay.,Information
33857,IS1007d,00:28:07,Speaker D,On the same P_C_B_ yeah yeah.,Discussion
15082,ES2010c,00:09:31,Speaker B,It'll be copy of component design.,Discussion
49111,TS3012c,00:25:12,Speaker B,L_C_D_ screen. This is the on off button.,Information
18737,ES2014d,00:33:21,Speaker B,"Yeah, maybe we've m",Discussion
40604,TS3006c,00:25:34,Speaker A,"Yeah. So the keywords are primary co colours, spongey?",Information
13272,ES2008c,00:24:29,Speaker C,"Oh, I see, right, yeah. Oh, okay. Yeah, that's quite a good design.",Discussion
8569,ES2003c,00:07:40,Speaker D,gonna spend the money,Discussion
42862,TS3007d,00:39:02,Speaker A,"well, just about, because",Information
20344,ES2016c,00:11:15,Speaker C,"I was sent some information from the company saying that they, the technology department have devised a new speech recognition technology, where you can program questions into such devices.",Information
29567,IS1003b,00:18:36,Speaker A,But this was first step and,Information
36267,TS3003d,00:40:51,Speaker A,Then we still have some questions. If somebody has some questions they can ask them now. Or we can put these in the project folder as well. Maybe that's,Discussion
42442,TS3007d,00:09:02,Speaker C,"Yeah. Yeah, maybe yeah, perhaps you're right. , I I would I would actually agree with this sounds logical.",Decision
7151,EN2009d,01:04:03,Speaker A,Okay. So what you're planning on doing it is bunging it on one of the Camtasia tracks and then splicing it off the Camtasia track.,Discussion
35695,TS3003c,00:09:53,Speaker B,"And and for shifting up a sen c ch channel or for putting out sound or something, you can just give a sign say sound off or",Discussion
31873,IS1005c,00:18:26,Speaker D,"So if we use s solar cells, where is the sun if someone's watching T_V_ inside?",Information
37706,TS3004d,00:22:26,Speaker B,"Just save, save as?",Discussion
11173,ES2006b,00:28:40,Speaker C,"Yeah, if we ta if we take fifteen to thirty five, but that then does imply that we should try and incorporate voice recognition. Is that gonna have a an implication for the technical specs?",Discussion
9566,ES2004c,00:26:16,Speaker A,So basically not point or click,Summary
24384,IN1007,00:24:00,Speaker B,Yeah. I think Hynek has got ma many papers or some papers over that. So Oh. In I think I read it.,Discussion
23639,IN1002,00:04:34,Speaker B,"the the difference is that we do one more step, maybe I can explain it better there. So we do one more step here, and we here by means of another H_M_M_ we introduce some kind of prior knowledge and contextual information, we get better evidences than what i we initially had here, and then we do the decoding and the and s more informative posteriors instead of this one.",Discussion
21568,IB4003,00:20:39,Speaker A,"Yeah, hopefully visitors don't need as much say filing space, or Yeah, they don't have that many papers. okay. So that's I have to to ask, so you don't really feel very strongly attached to this grouping by projects idea? Mm-hmm.",Information
35805,TS3003c,00:26:41,Speaker A,maybe you can make a little drawing of it on the,Discussion
31356,IS1004d,00:22:55,Speaker C,"So we have the regular chip on the print, which is one.",Information
26909,IS1000b,00:17:36,Speaker D,So the the main components you see here are the cheapest I have found and,Information
32787,IS1006d,00:14:00,Speaker B,"It's a jog dial for controlling the cursor on the L_C_D_ screen. Like, selecting the menus.",Discussion
46191,TS3009d,00:25:39,Speaker D,"This this this isn't a SMARTboard, right?",Information
14200,ES2009c,00:03:01,Speaker B,", the case, we have a few options, plastic, rubber or wood. and then as far as the way it's shaped, we can do standard boring flat, which we probably don't wanna do, curved or very sexy double curved.",Information
34827,IS1009b,00:24:54,Speaker B,Timer. Yeah and then you can use a timer as well.,Discussion
49660,TS3012d,00:32:53,Speaker C,I think I like it like this more.,Discussion
45994,TS3009d,00:14:27,Speaker D,"Right, R_ R_S_I_ sensitive?",Discussion
3025,EN2002c,00:38:46,Speaker A,"Yeah. Yeah, that sounds good.",Discussion
26495,IN1016,00:49:36,Speaker C,"That's the intention, yep.",Discussion
47464,TS3011b,00:21:38,Speaker A,"Yeah, draw draw it on the board.",Discussion
18178,ES2014c,00:08:50,Speaker A,with the printed circuit boards you were going for the,Discussion
6072,EN2009b,00:07:23,Speaker B,"-huh, okay. Very nice, very pretty. It doesn't get in the way of seeing what's underneath?",Discussion
48172,TS3011d,00:25:43,Speaker A,Okay. we'll go further on with the the rest of the evaluation.,Discussion
4880,EN2006a,00:19:36,Speaker B,Silicone two is an element rather than a,Information
29009,IS1002c,00:31:20,Speaker A,"But you've gotta think who our target market is because I I'm not our target market. I'm a student, but",Discussion
42282,TS3007c,00:29:51,Speaker C,"Yeah, that's true. That's true, but at same instant, same happens when you have remote control. So",Discussion
36515,TS3004b,00:02:34,Speaker A,How do I I escape this s presentation?,Discussion
20809,IB4001,00:07:47,Speaker B,Yeah. I mean the rooms aren't tiny if you look at the this,Information
6046,EN2009b,00:03:50,Speaker C,"Wh a spare head? Or yes, but she's not around. So",Information
28603,IS1002b,00:18:47,Speaker D,"Is that for over here? Okay, alright.",Information
42593,TS3007d,00:19:12,Speaker B,Yeah? Cau 'cause so it's okay.,Discussion
20681,ES2016d,00:18:29,Speaker A,Maybe it's one because of the,Discussion
25414,IN1012,00:44:48,Speaker A,"Mm yeah. Yeah yeah, Fes yeah, I think I think you can do the Festival, you can just call like this there are different kind of again, how you call the Festival, so you can just give the full there is an too. So then you will get the all the caller and other things. If if you want to like read full text, then you can say like the full text, like those syntax and then it will speak till it finishes the text.",Discussion
20237,ES2016b,00:32:34,Speaker A,"If you, if we want the remote to do other things like or I guess the T_V_ to be able to change the tint and the colour and you know all those kind of things that are built into T_V_s, we just have that under one standard menu button where you go in, press the menu button, scroll up and down to select it.",Information
38579,TS3005c,00:12:53,Speaker B,"I tried to the L_C_D_ screen I tried to sort of to draw. I thought at least the icon for the volume. I don't know if there is an icon for the program, but yeah. So and then the buttons above and below the and the and the mute button also recognisable as an icon.",Information
14653,ES2009d,00:29:30,Speaker B,"That was pretty cool, it was a high moment of the whole experiment.",Discussion
44303,TS3008d,00:28:08,Speaker C,It's eighty percent of the price of the of the amount of,Discussion
2961,EN2002c,00:31:33,Speaker C,"Like if you're looking for something speci like, is that what you're thinking? Like if they if they know exactly where they wanna go, they wanna go to, you know, that meeting on December third, and they just wanna go there and see stuff, then they can immediately go and browse that.",Discussion
15565,ES2011a,00:11:56,Speaker A,"just like a magnet on the back of it and you could I mean j just to have some place to put it besides like a base. You know like a portable phone has a base, like just to have a home for it. 'Cause people just stick it on top of their T_V_, but the point of having a remote is not to have to walk over to the T_V_, so",Discussion
48489,TS3012b,00:16:29,Speaker D,"Everyone wants to buy it, so we w yeah.",Discussion
5874,EN2006b,00:38:06,Speaker C,"Yeah yeah, we aren't gonna make it to our second cookie break.",Information
16264,ES2011d,00:23:00,Speaker C,Yeah the broccoli I guess wins.,Discussion
13956,ES2009a,00:12:11,Speaker B,"Yeah, my grandparents lived on thirty second.",Information
16002,ES2011c,00:20:30,Speaker D,Yeah I was thinking of getting a cover for,Discussion
31923,IS1005c,00:24:49,Speaker B,"Yeah, m maybe the banana could be like a bit fatter than than the c c common one. But",Discussion
23218,IB4011,00:38:17,Speaker D,We still have to decide for next meeting and we're all set.,Decision
4554,EN2005a,01:14:38,Speaker B,"Oh yeah. Oh, I don't even know which one I've missed. Brussels, Amsterdam. T_N_O_, okay. See, I wasn't there. So I don't know where it was.",Information
29522,IS1003b,00:13:18,Speaker A,"We've made a study, so could you go to next slide. Sorry for the functional recurrence. So that's the standard method for marketing, okay. We had one hundred subjects, , we observe their remote control use in a lab and then after all the experiments they had to fill up a questionnaire, ,",Discussion
23121,IB4011,00:30:25,Speaker C,"But actually I'm I'm little bit missing th some information about our movie club, I think there should be some more information.",Discussion
22781,IB4010,00:44:45,Speaker B,"so we have seven candidates. if you have a good short term memory that should be okay. Yeah. So Big Lebowski, Usual Suspects, Saving Private Ryan, Pulp Fiction, American Beauty, Schindler's List and Silence of the Lambs. So now let's vote. Should we vote just for one film or should each of us say give",Discussion
30657,IS1004b,00:26:23,Speaker C,So if we go with just the,Discussion
9021,ES2003d,00:35:33,Speaker A,Such as it is.,Information
25163,IN1012,00:13:53,Speaker B,"O yeah, yeah, overlap.",Discussion
6432,EN2009c,00:18:50,Speaker C,i th in theory JAST is meant to have it every morning.,Information
46244,TS3009d,00:28:22,Speaker D,"Well these chairs, man. Really great.",Discussion
45375,TS3009c,00:08:39,Speaker C,"discmans for jogging and that those kind of devices, gaming devices, should define the characteristics of the device. But since we don't have a really a sports or gaming device, so we don't really have to consider that.",Discussion
15312,ES2010d,00:03:30,Speaker D,"Alright. so these are the criteria we're gonna ask, is it easy to use, is it fashionable yeah, I guess we should write these down so we can reference them.",Discussion
18600,ES2014d,00:21:24,Speaker C,"Yeah, it's got the cherry and the sponginess.",Discussion
27901,IS1001b,00:02:49,Speaker C,What do you have in short cut?,Summary
42315,TS3007c,00:32:37,Speaker C,"Yeah. That is true, that is true.",Information
2523,EN2002b,00:09:43,Speaker D,"Oh. Well if we're skipping the audio one, and then things got easier.",Discussion
43830,TS3008c,00:32:06,Speaker D,"Oh, yeah. Okay, yeah.",Discussion
9428,ES2004c,00:06:03,Speaker A,Fine. It's okay with me.,Discussion
18024,ES2014b,00:23:35,Speaker A,"Yeah. I dunno talking about vo I mean obviously if you've got voice recognition then you can do it in that way because it'll recognise the voice and you can give it a command, a set command whatever that happened to be. But you've then got the point if if you're not going with voice recognition then",Discussion
34733,IS1009b,00:08:30,Speaker D,"And, in order to make it really sellable we've gotta shorten the learning curve, make sure it's really intuitive and easy to use. We have to have as few buttons as possible, because more buttons is more confusion, so that's why I'm saying, simplicity is good. Finding it's important, obviously you can't use it if you can't find it. So we've gotta concentrate on the features that help you find it, and I've already said this several times but I put it down in writing here, it should be an attractive impulse purchase at twenty five Euros. So it has to have enough value that when somebody looks at it they say, twenty five Euros I'm not gonna take that. Has to be so great that they're gonna say, twenty five Euros isn't much. and then maybe a motto, like we put fashion in electronics might be something we can use in our marketing campaign. Okay that's about it for me right now.",Discussion
4901,EN2006a,00:21:01,Speaker C,"But saying that isn't the same as saying we've seen that in a spectrum, whereas a broad line quasar, someone has looked at it and they've seen a broad line.",Information
33866,IS1007d,00:29:07,Speaker D,Do you require different types of P_C_B_s and,Discussion
28217,IS1001c,00:07:51,Speaker A,To have the light always on?,Discussion
1016,EN2001b,00:50:01,Speaker A,Yep. Should be possible.,Discussion
42958,TS3008a,00:02:18,Speaker D,"Come on, move it.",Discussion
11338,ES2006c,00:19:43,Speaker B,"And i it would be like I mean if you could make it integrate with the T_V_ then it could come up with new information about what's on, and you could just see that on the remote rather than",Discussion
6322,EN2009c,00:04:04,Speaker B,"Yeah. No, I'm just try I'm trying to l think of the things that could go wrong. but since I haven't tried it this particular way, you know, but yeah, that sounds good. So i so you say we haven't finalised what the G_D_F_ looks like. Is that an implicit request for me to do something? Or",Discussion
14836,ES2010b,00:06:50,Speaker A,Alright. Now we have Courtney with the functional requirements.,Discussion
4504,EN2005a,01:06:32,Speaker D,"And I mean it seems to me that chunking should have some kind of so if if your dialogue act segmenter says there's there's a segment here, but your chunker said no, this is a coherent chunk, then y y you know, w I mean maybe they could work together to do a better job than",Discussion
21096,IB4002,00:01:39,Speaker D,go through that first.,Discussion
364,EN2001a,00:52:31,Speaker E,"Yeah, if you if you enter the big room, in the right-hand corner, I think. the thing is like you can only burn from the local file-system. So if it's from s well actually I think if it's mounted, you can directly burn from there, but the problem is I have my data on beefy and so I have to get it into the local temp directory and burn it from there. But you can burn it from there.",Discussion
31362,IS1004d,00:23:21,Speaker A,Okay so I'll remove it.,Discussion
42903,TS3007d,00:42:33,Speaker C,"It's not double. , it's not double anymore, eh?",Discussion
5696,EN2006b,00:24:33,Speaker B,I think that's right.,Discussion
9301,ES2004b,00:25:21,Speaker D,"Do we have to initially , you know looking at the findings here, focus on",Discussion
30598,IS1004b,00:14:55,Speaker B,'Cause the thing is what a what we the presen this presentation we had is what we want the remote control to actually do. And obviously the the simplest thing that a remote control does is it just change the change the channel. Now,Discussion
24144,IN1005,00:31:27,Speaker A,"Like this, yeah, mm mm mm, okay.",Information
4749,EN2006a,00:08:07,Speaker C,I don't remember what we were doing with nebulae.,Discussion
12862,ES2008a,00:13:21,Speaker C,or should we just stick to just stick to having television television related buttons on it?,Discussion
25737,IN1013,00:33:30,Speaker B,. . Ok ok ok,Discussion
14230,ES2009c,00:08:27,Speaker C,"I like it, I like it.",Discussion
39056,TS3005d,00:10:49,Speaker D,"Also huh -huh the buttons, are they easy to find? That was a big requirement of the old people.",Information
37151,TS3004c,00:24:37,Speaker C,"Okay, then we we use m must use the second most expensive chip. So th so the regular chip. Because we use scroll wheels.",Action_Item
18009,ES2014b,00:21:59,Speaker D,"Youn young people pref Yeah, they s they said that they'd be interested in a remote control which offered that possibility and as you go up through the age groups, people got less and less interested in sort of a a remote control that you could talk to, so.",Discussion
12061,ES2007a,00:19:08,Speaker A,"whether it's what goes into the box, somehow.",Discussion
39038,TS3005d,00:10:13,Speaker A,Well I'd say two on a scale,Discussion
38304,TS3005b,00:24:52,Speaker D,"Yeah. After two minutes, yeah two three minutes, yeah.",Discussion
48243,TS3011d,00:32:47,Speaker A,That sounds quite scary.,Discussion
19602,ES2015d,00:08:42,Speaker A,something I'm going to,Action_Item
1737,EN2001e,00:31:08,Speaker D,"No, I don't get that on my machine.",Discussion
6681,EN2009d,00:06:04,Speaker C,"Th th th yeah, the it should still come out that the little sketch I asked this p for for last week about N_X_T_ and whether it would have that sort of tiered effect so you could see the overlap of where one person is looking compared to the other and their mouse movements and things. That that should ra address all that. Mm-hmm. But but because it's also in the i based on the the time course of the procedure you'll be able to basically get the scan path of the pattern of events from that as well.",Summary
1362,EN2001d,00:36:23,Speaker B,"Yeah, so if I mean I don't mind where it's done. So if the data manager filters it out and like I just think that in in the logic of the programme it's it's much easier to justify why we say we treat a series of meetings as one single thing rather than w",Discussion
2930,EN2002c,00:27:59,Speaker B,Depends how you treat your compound nouns.,Discussion
41683,TS3007a,00:15:12,Speaker A,Do you have a rabbit at home?,Discussion
35602,TS3003b,00:29:27,Speaker A,is allowed in the budget we have?,Information
15546,ES2011a,00:09:11,Speaker C,Sorry can you just say that what's the what are our price goals again?,Discussion
21695,IB4004,00:01:15,Speaker C,And I also checked with Maggie and Pierrette.,Discussion
26678,IS1000a,00:12:02,Speaker A,"Okay, there you go. So what favourite characteristics. . Dogs are always friendly and loyal and fun.",Discussion
1540,EN2001e,00:05:58,Speaker D,"Oh right, I see.",Discussion
43549,TS3008c,00:10:57,Speaker A,"Yeah. Yeah, it's okay.",Discussion
28801,IS1002c,00:06:28,Speaker B,"I would guess this like this pen would be kinda like a double-curved, where it's curved on m m multiple axes, right? I think curved means just curved in one axis and double-curved is curved in two axes",Discussion
40541,TS3006c,00:21:22,Speaker A,Oh yeah. Least you can easily see it.,Discussion
20883,IB4001,00:14:50,Speaker B,"Two. Well, which W There's three two person rooms.",Information
7533,ES2002b,00:20:11,Speaker C,"Well, did you not say it was the the adults that were going for the the voice recognition? Sort of the the older group.",Discussion
25089,IN1012,00:07:08,Speaker B,"Oh, you've got the s",Discussion
48835,TS3012c,00:03:14,Speaker C,Let's see where my,Discussion
39882,TS3006a,00:18:12,Speaker D,"Yeah well like l li like some like some some remotes who are out there, which I know, there's one button which is very easy to switch between devices. So you can switch to your video and then the same buttons control your video. And another function I'll think of switch to your media centre, because that's getting very popular. And then use your Windows media centre under your T_V_ with the same remote control. So with the switch, one single switch",Discussion
20465,ES2016c,00:32:01,Speaker C,rid of that because gonna use a battery. And the base station might not be necessary.,Information
35200,IS1009d,00:20:43,Speaker D,"so they'll be our main selling points. So th those have been fulfilled by your prototype and go ahead to the next slide please. Okay, so the shape I think is a a one. That's really, really excellent shape. The size is small and th these points are in the importance for the, for the marketing, these aren't i in how I feel. I think that it's I think that it's plenty small enough to sell but I think we're sort of right the scale is one to seven. I think we're sort of right in the middle as far as c other competitors.",Discussion
44719,TS3009a,00:15:24,Speaker A,We also just released a T_F_T_ thing I saw.,Discussion
11431,ES2006c,00:28:54,Speaker B,"Yeah, but y your spinning wheel tends to go to one side.",Discussion
14571,ES2009d,00:23:00,Speaker D,"Hmm, very much so.",Discussion
28240,IS1001c,00:10:18,Speaker C,"Mm. Yeah, I think that if you put the cover it will be even more difficult for the user.",Discussion
2350,EN2002a,00:31:43,Speaker B,"Well, it doesn't matter for me. I mean three three or after what?",Discussion
11927,ES2007a,00:04:31,Speaker D,"Oh my gosh, I'm never gonna be able to draw that well.",Discussion
41501,TS3006d,00:44:05,Speaker D,Yeah? How do you do it?,Discussion
45486,TS3009c,00:19:35,Speaker B,"And oh I think as you can see so, the L_C_D_ screen does look better at the lower end, or at the bottom. But",Discussion
8999,ES2003d,00:33:14,Speaker C,"Yeah, that woulda been pretty good.",Discussion
39847,TS3006a,00:15:01,Speaker B,"I got some requirements it has it has to be user-friendly. really easy to use buttons, not not very small buttons, but not the the also the big big buttons, but just normal buttons. It has to be a small unit. It has to be yeah, you can take it with you everywhere in in your house. So it has n has not to be l yeah, gigantic machine.",Discussion
45583,TS3009c,00:26:01,Speaker A,Okay. And well the the electrical cable is just normal .,Information
28844,IS1002c,00:11:36,Speaker B,"Instead of play, stop, rewind, and fast forward there, that's up, down, louder, and quieter.",Discussion
16111,ES2011d,00:06:48,Speaker D,Right what happens is we have to decide whether this this whole,Decision
3105,EN2002c,00:46:59,Speaker B,"So if it m so yeah, if you return seventy five, wh where do you stop? How do you rank them or something. Or returns twenty, even if it returns twenty, do you cut off at ten, do you rank them, do you what's the threshold? Something like that would be",Discussion
41497,TS3006d,00:43:37,Speaker A,"And you can just relax and have cup of coffee or oh no, they don't have beer here so you can't celebrate. You can just if you ma finish my presentation please.",Information
34926,IS1009c,00:06:42,Speaker C,Going to the nex next.,Action_Item
27778,IS1001a,00:04:09,Speaker B,Can I give you the no? But I don't have to say anything.,Discussion
4118,EN2004a,00:42:23,Speaker B,"Right, I'm mobile. Alright.",Discussion
27857,IS1001a,00:11:32,Speaker A,Maybe we can have,Discussion
951,EN2001b,00:39:51,Speaker B,"Yeah, I think if we work together on an on an entropy based score. It's let me see if I can demonstrate",Discussion
27115,IS1000c,00:10:51,Speaker C,Yeah so I'll I'll go with that actually so,Discussion
46441,TS3010b,00:06:29,Speaker C,"Ten minutes to tell it. Okay. I think it will be a few minutes and First I will tell you something about the findings, what I discovered about the remote control. The working bout it of it.",Discussion
1469,EN2001d,00:49:13,Speaker D,"No, like different measures to the display.",Information
3454,EN2002d,00:26:58,Speaker D,No. I'd expect somewhere ten to fifteen pages.,Discussion
2791,EN2002c,00:11:48,Speaker A,"On your home directory, not in the okay.",Discussion
9341,ES2004b,00:31:48,Speaker C,Yeah and if yeah if you if you had if you had one of those just coming back to your other point about pressing the button and setting off the bleeper in the room that could,Discussion
39185,TS3005d,00:16:29,Speaker A,"Yeah, but a har",Discussion
47819,TS3011c,00:29:41,Speaker C,Okay. So you will be on the Bahamas.,Discussion
2329,EN2002a,00:30:35,Speaker A,Yeah. That's cool. Yeah. In the morning.,Discussion
12260,ES2007b,00:26:17,Speaker A,"Well, not necessarily. But we have to incorporate it.",Discussion
2141,EN2002a,00:13:44,Speaker C,"Because I'm I'm just, you know, I go into the lab and I say right, what am I gonna change today. You know? And it kind of just it just develops, I'm not aiming for anything. Do we wanna aim for something?",Discussion
7122,EN2009d,01:00:42,Speaker C,"No, they're they're on two s the two separate machines and the you you start and end them separately. The they they're not talking to each other. They're just recording. You start it recording and it starts recording what's on one screen. And you start the other recording on the other machine. And they're they're totally separate. They don't know about the other one.",Discussion
1970,EN2001e,01:03:35,Speaker D,So may we probably want a different summary constructor that takes an an additional argument of an I_D_. And it will that w utterance will always be in the summary.,Summary
32033,IS1006a,00:06:53,Speaker A,"No, because you think, why not.",Discussion
24412,IN1007,00:28:04,Speaker A,"He has all kinds of speech recognition results, right. It was the first time you start using the cluster, I remember, or some some parallel processing. That was a big thing here.",Discussion
15946,ES2011c,00:15:16,Speaker A,"Yeah, that you can flip over, yeah, yeah.",Discussion
19935,ES2016a,00:06:31,Speaker C,one thing I thought of with the remote control is you always lose 'em.,Information
10720,ES2005d,00:05:19,Speaker A,A a more friendly type of,Discussion
46950,TS3010d,00:05:34,Speaker D,"And in the end, we will c count an average",Discussion
7562,ES2002b,00:26:50,Speaker D,"And like on the means b Since we're on the topic of the technology, are there any like what are our options? Alright, what's what i in Is this the only way that we go about it, or are there other thin",Discussion
36893,TS3004c,00:01:39,Speaker C,I received an email with a few possibilities on the materials. So I'll discuss them with you. Yeah.,Information
7008,EN2009d,00:48:28,Speaker B,"Okay, so w all I'm I'm doing is kind of worrying out loud about all the things that will happen that we'll miss by th a simple view of for example regions and looking at at triangle one. When is triangle one not triangle one anymore. does it s keep its identity.",Information
18931,ES2015a,00:11:27,Speaker A,It looks kinda like a person.,Discussion
30358,IS1003d,00:30:11,Speaker A,The thing now is to to sell it.,Information
1069,EN2001d,00:02:02,Speaker D,"That's Vera's data on the display. But the segments are just made up, aren't they.",Information
41083,TS3006d,00:16:41,Speaker C,We went straight into finance?,Discussion
36453,TS3004a,00:18:09,Speaker C,"Yeah, and and you just have normal batteries that you can recharge and just put it in the station, or you can change your batteries, so.",Discussion
29615,IS1003b,00:23:56,Speaker B,"the global usage, so if people don't have the technology.",Discussion
10447,ES2005c,00:18:43,Speaker A,"Okay so, here are a a plastic,",Information
15553,ES2011a,00:10:19,Speaker A,", I don't know what these mean because I didn't actually make the slide-show. Experience with remote control. So I guess we have to reflect on our experiences with remote controls to decide what we would like to see in a convenient, practical,",Decision
15025,ES2010b,00:27:29,Speaker A,"Y right, right right right. That one?",Discussion
11811,ES2006d,00:25:28,Speaker B,"Yeah, I think Jen wants it to vibrate.",Discussion
17657,ES2013d,00:18:57,Speaker B,We have the worry about how robust it will be if it's it's curved as a banana but spongy. I think yeah.,Discussion
48789,TS3012b,00:39:24,Speaker A,"small buttons here for some extra functions, so if your basic function's here, we should like we decided before, programmes up and down,",Decision
12762,ES2007d,00:17:17,Speaker A,"Oh no I thi I put it in one of my e-mails that I sent off. that, you know, it's marketable in the sense that it's whilst all these other remotes actually do give you repetitive strain injury, our one does the complete opposite, you know, so that's something that's new, which is one of the criteria they asked us to come up with something with something new.",Information
16097,ES2011d,00:04:10,Speaker A,"if you wanna look in your project documents folder, there's an Excel spreadsheet.",Discussion
34842,IS1009b,00:28:26,Speaker A,Do we look at one target group?,Discussion
25580,IN1013,00:14:11,Speaker D,"Yeah there yeah, yeah. Yeah. Yeah, yeah. Four point eight or something.",Discussion
19184,ES2015b,00:33:33,Speaker C,"That, yeah, that's a good idea.",Discussion
44532,TS3008d,00:44:35,Speaker A,"Okay, well we leave it like this. Then it's c then we're yeah.",Information
41744,TS3007a,00:21:17,Speaker D,"Look, you got some cheap remote controls there.",Discussion
23306,IN1001,00:12:45,Speaker A,Alpha times the maximum of the other ones. Of the other ones.,Discussion
39853,TS3006a,00:16:04,Speaker A,I think the best is to go to work.,Discussion
33616,IS1007d,00:00:48,Speaker A,So in last meeting we have discussed the conceptual design and we asked you to prepare a prototype for the,Information
35022,IS1009c,00:27:31,Speaker B,Trendy design and compact.,Discussion
23623,IN1001,00:56:27,Speaker A,"Yeah. Yeah, yeah. Yeah.",Discussion
40822,TS3006c,00:40:58,Speaker B,No flipping or you wanted the flipping so,Discussion
15542,ES2011a,00:08:34,Speaker C,You're dragging a you have a tail.,Discussion
21864,IB4004,00:21:48,Speaker A,"No okay, no way. I'll I'll have my head cut off if we don't have a lounge. So",Discussion
33236,IS1007b,00:05:29,Speaker C,It's field programmable something array. Yeah.,Discussion
32638,IS1006d,00:00:33,Speaker A,"So, now it's the Hi Sammy. It's the detail design meeting, so we're going last meeting. So , first Mark and Rama are going to present the prototype. then Sammy will propose some crite cr criteria to evaluate this prototype. Then, w we",Action_Item
4289,EN2005a,00:18:18,Speaker B,"Yeah, c I just think well, I mean it all of these things when they encounter a new genre of of actual data, then they end up modifying building new kinds of relations with new kinds of semantics and adding them. That's the entire history of these.",Discussion
23092,IB4011,00:27:04,Speaker B,"Yeah. No, I think the summary is i is quite good, and especially I think it well mm when you read it you just want to go to see the movie. I think it looks funny for me. I haven't seen the movie, but the summary looks funny.",Summary
7788,ES2002c,00:32:07,Speaker D,"I've had kinetic things before, and the the the one issue we need to keep in mind with them is that you're committing the user to moving it, and watches yeah",Action_Item
31888,IS1005c,00:20:51,Speaker D,Which is the same area.,Information
9463,ES2004c,00:11:21,Speaker D,"Hmm. Mm-hmm. Mm. Could I just ask referring back to solar charging, is that compatible with standard batteries? I mean, could people put standard batteries in but with a s you know they could leave it in the sunlight for solar charging or the two things not compatible?",Discussion
42305,TS3007c,00:31:43,Speaker B,"Ye I I think best would be to put it in and make it an menu option. You can put on Yeah. And you can just s when you buy it, you can select personal preference, parental control on, and the password or something.",Discussion
34598,IS1009a,00:00:54,Speaker A,Okay. Everybody ready? I think the first thing we do is introduce ourselves,Discussion
43715,TS3008c,00:24:53,Speaker C,But I've got a the email with with the possibilities. And L_C_D_ was a possibility for the remote control. So why don't we use it.,Discussion
10150,ES2005b,00:15:51,Speaker A,"And a novel feature which we just brought up was this this automatic speech recognition feature or noise detection feature for when you lose the remote, there could be a little microphone on it, and any noise over a certain threshold it'll pick up as a a distress signal from you and it'll beep back and say you know oh here I am or something of this sort.",Discussion
16515,ES2012b,00:16:13,Speaker B,They're not used often but they are quite important when they're used. Yeah.,Information
23775,IN1002,00:21:22,Speaker A,"Was it insured, any idea?",Discussion
19360,ES2015c,00:19:27,Speaker A,"Well, if they're raised up buttons. So that you can feel them. We were talking about it being more",Information
36013,TS3003d,00:15:38,Speaker D,But how does scroll-wheel work here?,Discussion
36936,TS3004c,00:07:40,Speaker D,maybe a see-through one in a a fruit front. Because it's it's hot. And some basic colour fronts.,Discussion
15265,ES2010c,00:27:59,Speaker B,"The only problem is we're using a latex overlay so it actually would go over top of everything and have holes for the buttons, so I was thinking maybe instead of doing that what we could do is leave a space for where the logo should be.",Discussion
13098,ES2008b,00:33:22,Speaker A,"And we also want it to be fashionable, which I'm not sure if that's a function so much as a yeah",Information
18799,ES2014d,00:40:54,Speaker B,"Yeah, I suppose and then be going out and finding more information each time and then diff things will be relevant.",Discussion
4068,EN2004a,00:37:58,Speaker C,"Oh, I had one guy, one of the project managers was he had a really weird accent and he was calling one guy Mister Ed. His name was Ed, and it took me a whole time to, you find out that it was actually Mister Ed. Or",Information
34394,IS1008c,00:24:40,Speaker A,How much you can,Discussion
24748,IN1008,00:41:34,Speaker D,Then it's random. And that's why you get these values which are random.,Discussion
25270,IN1012,00:29:46,Speaker B,"Yeah, but nobody you know, it's those new systems are still not general, like you know, like those P_L_P_ and M_F_C_C_s, because everybody knows that di it worked somehow, right, for any kind of data. That's why they're comparing to to that, so. Once somebody will come with something new, okay, he he's showing it works for some datas, but still yeah, yeah. First it's difficult to to show that it works for all all the datas, right, because it's really and",Discussion
48637,TS3012b,00:28:55,Speaker C,"Hmm. These are comfort issues. So I think people will pay they wanted to pay for comfort. Well, this is comfort.",Discussion
23807,IN1002,00:24:48,Speaker D,"Maybe at least they will give some number others, like they can.",Discussion
27575,IS1000d,00:29:04,Speaker D,"Yeah I think yeah it should be possible like what we do with the mobile phone, yeah.",Discussion
38156,TS3005b,00:12:12,Speaker D,"Important issues about the remote. I think it would be better with a personal reference, but okay. Remote control has to have to have a low power usage, because s w",Discussion
27419,IS1000d,00:19:45,Speaker D,It's will be embedded there so it won't be really you know protruding or something.,Discussion
46697,TS3010c,00:14:22,Speaker D,"So, well how we did do that? , well we made an investigation of the market, by Trendwatchers. They watch in cities like Paris and Milan. Of course, well known for their trend trends.",Discussion
36382,TS3004a,00:12:34,Speaker A,"The production cost are about half the price of selling price, sorry.",Information
24860,IN1008,00:55:21,Speaker A,And they are plug in the on the X_L_R_? Or,Information
13584,ES2008d,00:21:40,Speaker A,Let me one more space. Gonna zoom in real quick.,Discussion
28505,IS1002b,00:03:48,Speaker C,"Yeah bu but we we're designing only the remote, we not design the T_V_. So we're gonna be removing the teletext out of any T_V_",Discussion
35686,TS3003c,00:07:12,Speaker A,Okay. Thank you. Any questions about the the trends? Mayb,Discussion
46059,TS3009d,00:17:52,Speaker D,"Yeah, we need to have the the L_C_D_ screen.",Action_Item
41129,TS3006d,00:20:27,Speaker D,"F I don't know where. So that's very true, I guess, for our case.",Discussion
2714,EN2002c,00:00:47,Speaker C,Hmm. Did you wanna take a look at comments. There's more,Discussion
26987,IS1000b,00:31:14,Speaker C,"three like this, actually, and four five six like that and you can have keys like this in form like",Information
48253,TS3011d,00:33:26,Speaker A,"M Yeah, ten or five.",Discussion
22993,IB4011,00:15:41,Speaker C,ninety one ninety one .,Discussion
34817,IS1009b,00:22:23,Speaker B,"And and and it is one more point which I noted it down, like the material which which which is used for remotes should be human friendly it should not cause any skin disease or something some al allergy to either children or to ad adult person. And it should have an it can have an alarm clock a a person if some if somebody wants to get up at around eight eight P_M_ then he can set the time and it can be used as an alarm clock, and I don't think it will cost much to set an alarm clock inside a remote.",Discussion
37138,TS3004c,00:23:26,Speaker C,"Yeah, and and we can use the home station kind of thing. cases, flat, so uncurved. two D_ curved is like front to the back. And three D_ curved is also in depth.",Information
9757,ES2004d,00:12:07,Speaker D,"Losing one decimal place, that's okay.",Discussion
17293,ES2013b,00:32:19,Speaker A,"Mm. This oughta be fun. It probably won't go the first time, it'll probably be like a g mess.",Information
41051,TS3006d,00:14:42,Speaker A,Yep? Instead of an additional power button?,Discussion
38219,TS3005b,00:19:18,Speaker C,"Is it possible to find out, anyway? You know?",Information
351,EN2001a,00:50:45,Speaker D,I can't remember who's got it. Might be WordNet. But one of these big corpuses has a list of stop words that you can download and they're just basically lists of really uninteresting boring words that we could filter out before we do that.,Summary
7382,ES2002a,00:12:06,Speaker B,"No, actually. That would be useful, though, wouldn't it, if you knew like what your money would get you now.",Discussion
32017,IS1006a,00:05:31,Speaker D,"yes, we have plenty at home. In fact, my daughter likes l remote controls. To eat? Yeah, mainly, and to break.",Information
21360,IB4002,00:22:29,Speaker D,"Well, we have the the group and students here. Although you still have Susan and Maggie over here.",Discussion
29154,IS1002d,00:12:32,Speaker D,"Yeah 'cause if if we can make this unit upgradable then we're yeah but then we talk about changing the warranty concept and everything, but that's that was just an idea I had. to me the only additions",Information
35697,TS3003c,00:10:19,Speaker B,"Let's see. yeah. I was thinking about the special button for subtitles, just one button to keep it simple. one push on the button you get small subtitles.",Discussion
35214,IS1009d,00:23:14,Speaker A,"I'm sorry to interrupt then but I just recog I just remembered that there was no that that was not included that there was no room for any special features, okay? So to beware of that. You wanna go to this next slide, marketing expert?",Information
14932,ES2010b,00:18:43,Speaker A,"Okay, so we want for our target group would we say, I mean, young and old, all age ranges, all , not kids obviously, right?",Discussion
47392,TS3011b,00:14:24,Speaker C,Yes. Th that's a bit of that's a problem. Usually,Discussion
7818,ES2002c,00:36:00,Speaker A,Because that's becomes the most accessible thing in front of,Information
12209,ES2007b,00:21:17,Speaker C,"What about just from the the prospective of our manufacturing cost? I mean if if it's twelve fifty per unit. I mean, okay, there's",Discussion
42684,TS3007d,00:24:56,Speaker D,I don't know if twelve and a half is a fixed fixed price.,Information
22911,IB4011,00:08:57,Speaker D,"Sorry, it's control L_",Discussion
43767,TS3008c,00:28:07,Speaker A,"Yeah. No no no, not that comfy.",Discussion
41209,TS3006d,00:25:10,Speaker C,"Yeah but it be because we couldn't hardly draw on the b s on the lower half of the screen, we could not make it big enough to actually draw in the",Discussion
38002,TS3005a,00:09:25,Speaker D,"recognise as a giraffe. Yeah, the favourite charis characteristic is that the long neck, it can reach everything. And I hope I can also reach a lot with this project. So that's my favourite animal.",Information
2950,EN2002c,00:30:25,Speaker C,"Yeah, what if it's yeah. Do the P_D_F_s, switch it to Postscript, switch it back to P_D_F_, and then",Discussion
9604,ES2004c,00:31:30,Speaker C,Well you cou .,Discussion
4773,EN2006a,00:10:05,Speaker A,"Oh, you want to s split that one and, do you, into two? Yeah. Yeah. I'd agree with that, I think.",Decision
31527,IS1005a,00:09:03,Speaker C,"I dunno if I can. Okay. It may be like a cow or I dunno, whatever. I'm not good very good in drawing. Okay, so this is very It's a bird, I think. I dunno what is it.",Discussion
42246,TS3007c,00:24:18,Speaker B,"Well, I agree, just put it in the menu structure somewhere.",Decision
1125,EN2001d,00:08:08,Speaker B,'Cause an al like an alternative view would be that,Discussion
40816,TS3006c,00:40:31,Speaker B,Yeah and then h we sh mm.,Discussion
6073,EN2009b,00:07:29,Speaker A,"no, they're they're they're the same size as the as the original blobs basically. But so they yeah, I think the mouse is slightly bigger, but it's not, you know, it's not it's not hugely bigger. So",Summary
9493,ES2004c,00:14:14,Speaker B,the eternal battle for control of the controls.,Discussion
5659,EN2006b,00:21:44,Speaker B,"Oh right, yeah. Yeah.",Discussion
46360,TS3010a,00:04:35,Speaker B,Okay. Let's try this.,Information
40058,TS3006b,00:15:44,Speaker A,And the corporate identity should be clear in the design of the remote control.,Discussion
44589,TS3009a,00:05:45,Speaker D,"Alright, your favourite animal?",Discussion
32820,IS1006d,00:16:30,Speaker A,"It's n no, it's not fancy any more.",Discussion
18016,ES2014b,00:22:44,Speaker B,"That is true, yes.",Information
22052,IB4004,00:37:13,Speaker D,So that's the standard things.,Discussion
7362,ES2002a,00:09:31,Speaker A,"It does make sense from maybe the design point of view 'cause you have more complicated characters like European languages, then you need more buttons.",Discussion
13428,ES2008d,00:08:03,Speaker A,"Okay 'cause well, the designs are very bright, so you're right, they're gonna stick out, but",Information
43093,TS3008a,00:18:52,Speaker A,"Maybe a can opener underneath it? I don't know. Or someth something special, like M_P_ three player inside of it, or Oh, well then the production costs are gonna be too high probably.",Discussion
21837,IB4004,00:19:46,Speaker C,"We put it the the furniture that we got for our reading room, we put it into the other half of the three person room.",Discussion
10256,ES2005b,00:31:28,Speaker A,"Well, I think a consideration too is that these remotes get abused a lot, you know they get thrown around, there's a good chance the the T_F_T_ screen would break or get damaged. They're pretty fragile.",Discussion
32686,IS1006d,00:06:36,Speaker D,You mean we can change the colour of th,Discussion
16112,ES2011d,00:06:57,Speaker D,this whole project we've been working on actually meets the standards we were set at the start.,Information
13805,ES2008d,00:39:55,Speaker B,"Just if you like you'd have a remote for your remote, that'll.",Discussion
29077,IS1002d,00:03:24,Speaker B,"The programme button, yeah the programme button. So this bl this button will be used both for the favourites and for programming your the the type of television you wanna use. So the plastic is the white area of this of the model here, and the red area is like a rubber covering. So you can see that when it lays like this or like this and the buttons are all gonna be rubber, so it's pretty hard to actually damage it",Information
20815,IB4001,00:08:45,Speaker A,or Yeah. Or Yeah. Couple of professor and assistant or,Information
26393,IN1016,00:33:25,Speaker B,"that's that's that is one of the reason for example why which mark we point pretty much on slides as a mean of indexing. Because at that point there is no interaction between humans and capture. Because whenever you have microphones that you have to move, it's it's it becomes complete really",Action_Item
8117,ES2002d,00:21:05,Speaker C,"Yep, oh hundred pound pen. Sorry alright. No.",Discussion
8149,ES2002d,00:25:22,Speaker B,Oh yeah. Well I dunno do you th I think it means I think it means did you feel you were able to give creative input so,Discussion
20878,IB4001,00:14:40,Speaker B,A one person'll be too small anyways.,Discussion
25756,IN1013,00:35:23,Speaker B,Oh. Oh okay. I mean just before. Oh you..,Discussion
7527,ES2002b,00:19:13,Speaker A,"Is that too is that a lot of money to buy an extra remote or a replacement remote? Right. so maybe not the high end range, but maybe middle, middle up-ish. Kind of. You know how much? I dunno I guess you pay, what, ten ten quid for a remote? Like a simple replacement, right. I mean if you lost your remote and the first thing you just wanna go out and get, would you how much would you pay?",Discussion
37276,TS3004c,00:32:25,Speaker C,"Yeah, just a recharger.",Discussion
47343,TS3011b,00:07:06,Speaker C,"Okay. well, there are some changes in the design requirements, so there are some changes in the method also. basically all this device has to do is send messages to a T_V_ set. And the m most easy way to do this is by sending pulses of infrared light to a T_V_ set. Well, I th I tried to implement a picture here, but it's hardly readable.",Summary
25945,IN1014,00:06:35,Speaker B,"On these four inputs you can have only video. But they want to make also the slide acquisition. So on one input they put a conversion box, a converter, which converts from slide",Information
36277,TS3003d,00:42:41,Speaker A,Summary of the project.,Summary
43973,TS3008d,00:05:29,Speaker A,"No, listen listen. When you push the button, the remote control gives a signal. I in th in the first place it gives a signal which it would also send when you put a separate button on it. The one with dash, that signal gi and when y whe when you don't push another button on the remote control within five seconds, then the remote control gives a signal for channel one.",Information
22963,IB4011,00:13:15,Speaker D,"Yeah, Tuesday, it's quite surprising though, but , okay.",Information
23709,IN1002,00:14:31,Speaker D,But you're generating P_L_P_s from?,Discussion
18561,ES2014d,00:16:51,Speaker D,"'Kay. And I mean, how much does the product demonstrate technical innovation do you reckon?",Discussion
44177,TS3008d,00:20:12,Speaker D,"But I d I definitely don't think it's a five, but",Discussion
10342,ES2005c,00:04:05,Speaker B,"When we did f fashions , recent fashion our recent fashion update shows that",Discussion
8020,ES2002d,00:13:35,Speaker C,Maybe closer to three even or two and a half.,Discussion
41327,TS3006d,00:33:09,Speaker A,"Yeah I'm I'm somewhere, but maybe you can help me.",Discussion
36999,TS3004c,00:13:16,Speaker C,"Yeah, or maybe The channel buttons are often used. And you can't use them now with your thumb, because the thing is not, it's not easy to control.",Discussion
1299,EN2001d,00:29:28,Speaker E,No I think they were ten percent each.,Discussion
289,EN2001a,00:44:14,Speaker C,"Yes, I did. But I've only just got the notes. I have to still have to order everything by the time and",Discussion
42895,TS3007d,00:41:51,Speaker A,"You go there and you go there. So, okay. Well, maybe I can then do it one two three.",Discussion
1215,EN2001d,00:19:36,Speaker E,"Alright. Yeah, I should maybe just get started with 'em.",Discussion
26038,IN1014,00:25:59,Speaker A,"Really? Well, so it was not such a difficult process then.",Discussion
1775,EN2001e,00:38:08,Speaker A,"And then score, yeah, it this was just for showing it. Huh?",Discussion
11929,ES2007a,00:04:40,Speaker B,"okay, it's big, it's got a great memory.",Discussion
40944,TS3006d,00:07:31,Speaker D,"Well okay. For example if you have f f four buttons, channel up and down, volume left right Okay, I've I think we have to keep that. And then and the power button. So that's five.",Discussion
1589,EN2001e,00:10:19,Speaker E,Yeah another sh issue was that,Information
25006,IN1009,00:18:05,Speaker B,"No, I think does this work, email?",Discussion
8409,ES2003b,00:14:15,Speaker B,Are you finding it okay or?,Information
23968,IN1002,00:38:48,Speaker A,From posteriors to s forced alignment.,Discussion
9478,ES2004c,00:12:42,Speaker C,"Yeah they do, they yeah they've got dual things, but they're the batteries are smaller I think.",Discussion
21740,IB4004,00:08:41,Speaker B,"Because the professors , you have personal printer or there is only one printer?",Information
20929,IB4001,00:17:36,Speaker B,Yeah. actually that's a good idea. J just put it up.,Discussion
5850,EN2006b,00:36:13,Speaker B,But it's al is that also the name of the source?,Information
19125,ES2015b,00:27:49,Speaker B,Okay. Work on that.,Discussion
9093,ES2004a,00:07:45,Speaker D,"Hopefully that'll stay on, two-handed version. Okay,",Discussion
19714,ES2015d,00:16:38,Speaker B,Does this prototype match the operating behaviour of the average user.,Information
10391,ES2005c,00:12:11,Speaker A,"The L_C_D_ and the other stuff , I think.",Discussion
16230,ES2011d,00:20:12,Speaker C,Yeah. That could work.,Discussion
4398,EN2005a,00:46:10,Speaker B,"Yeah. B th But there there are people in the field that are moving that direction, like Martin. And also what's important here is the theoretical clarity about what an initiation and a response is. So what is it that ties different acts together at a higher level, you know.",Discussion
17839,ES2014a,00:07:29,Speaker B,I dunno maybe because there's so many cartoon characters made up after the bear like the jungle book characters and stuff like that. Great.,Discussion
23962,IN1002,00:38:20,Speaker C,P_L_P_ should be there. I re should have kept the P_L_P_ also somewhere tha,Discussion
6904,EN2009d,00:36:44,Speaker C,"Mm-hmm. I mean if if they are oscillating though, then that's presumably going to st change the weight. So you are actually going to see them flipping between when you decide they're looking there mm-hmm, if they're really close, yeah.",Decision
41330,TS3006d,00:33:16,Speaker A,I was here. So,Discussion
27176,IS1000c,00:26:32,Speaker B,"So I f I think we we should come to some decisions now a about this. so I understand when we want a display we need a expensive chip, but when we want a scrolling wheel w we also need the expensive chip, so can we use same chip, so with one expensive chip",Decision
185,EN2001a,00:29:34,Speaker E,W what segments now?,Discussion
6021,EN2009b,00:00:41,Speaker B,"Yeah, there was a mailing list before. They've just revived that, right?",Information
10009,ES2004d,00:36:24,Speaker B,"yeah, just the last, I think.",Discussion
41911,TS3007b,00:27:12,Speaker B,"And so an elder designer picks up th the of an elder parents or grandparent picks up the remote from the little child and who's all in the systems functions, you'll have to have the possibility to turn off the T_V_ or to switch the channel without well using all the menu structures to get back to the primary functions.",Information
41411,TS3006d,00:38:02,Speaker C,How Shall we do the logo in black or not?,Discussion
24285,IN1007,00:11:44,Speaker B,"Yeah. Yeah, but I'm using that for different different reason, right. So it's speech coding. So what is the task is usual just take the speech of course somehow to encode it into as as small number of beat as possible and with a reasonable quality of course. And again to e decode it. And I'm using F_D_L_P_ for that, still playing with more less one second long segments. So just dividing the speech into one s one second frames doing D_C_T_. It's just the standard wor of work. And then doing some compression and computation of yeah, yeah yeah, sh oh, yeah. But you are doing the same, no? Yeah b yeah yeah you take the the D_C_T_ and you just divide it into several sub-bands, frequency bands with a different",Action_Item
44540,TS3008d,00:45:08,Speaker D,"I think we gotta fill out another questionnaire, to be honest.",Discussion
29484,IS1003b,00:08:53,Speaker B,This is in fact some other component that are in between the electrical de the electronic device.,Information
1782,EN2001e,00:38:38,Speaker D,"So you know how zero is T_F_I_D_F_. One is the well I've called it word importance, but that's a really m misleading name.",Discussion
46614,TS3010c,00:02:04,Speaker B,", first I'll I'll discuss the buttons we just chose, show you some samples,",Discussion
2038,EN2002a,00:04:45,Speaker B,"Yeah, I don't I mean it w it's more like part of the",Discussion
19981,ES2016a,00:12:58,Speaker C,"Yeah, that's g that's a good idea.",Discussion
39165,TS3005d,00:15:37,Speaker B,"Yeah, yeah, it's very spongy. Oh but not it's not very spongy, because it's hard rubber.",Information
34902,IS1009c,00:02:53,Speaker A,mm child lock and maybe a display clock so that people could,Discussion
25581,IN1013,00:14:17,Speaker A,"Or based around that. Yeah. Okay. It's not terribly interesting though, really.",Discussion
37795,TS3004d,00:28:35,Speaker C,then there we probably have been creative.,Discussion
47432,TS3011b,00:17:47,Speaker B,It will be an a unique feature of our remote control.,Discussion
20579,ES2016d,00:10:49,Speaker A,"But if we do go with the, with the speech recognition, then it, then our scale goes up quite a bit I think.",Discussion
4513,EN2005a,01:08:07,Speaker D,"So we got stuck at some point on evaluation of chunking, right. The problem was you didn't have ICSI data that was hand labelled for chunks. And we decided labelling the ICSI data for chunks would be probably difficult and maybe not very useful. And so it it mi",Decision
11802,ES2006d,00:24:55,Speaker A,But we lose the locator.,Discussion
27109,IS1000c,00:10:31,Speaker B,maybe we can go a th Matthew's presentation because,Discussion
25435,IN1012,00:47:09,Speaker C,"Okay, I'm I'm fine with this, but I can make it run on my machine. Okay.",Information
44468,TS3008d,00:40:17,Speaker A,I don't think it's realistic for you to do so.,Discussion
39759,TS3006a,00:06:05,Speaker C,. Your line broke.,Discussion
34104,IS1008b,00:11:51,Speaker B,"Might be hard to find, though.",Discussion
31665,IS1005b,00:21:23,Speaker A,to have something new and So we I think we should still thinking about it. But maybe.,Discussion
18613,ES2014d,00:21:58,Speaker D,"So this is about sort of the corporate image of like new sort of sleek technology and all that sort of thing, as well as having the logo on and all that. So sort of",Information
1721,EN2001e,00:29:03,Speaker D,", oh there must be a way of detecting whether the clock's loaded. Like in fact there there is. You can try and set something on the clock and use try and catch, and then if you catch the exceptions set the flag.",Action_Item
49003,TS3012c,00:15:33,Speaker D,No it maybe it's better to look what the people want. So I can show my investigation.,Discussion
29886,IS1003c,00:25:35,Speaker B,"I think we can have wood for example in the bottom and, you know. It depends on the design we want, so.",Discussion
35394,TS3003a,00:22:19,Speaker A,"Yeah, that's nice, I think. So we've we want different functions",Discussion
44673,TS3009a,00:11:17,Speaker C,well I think it's obvious right now.,Discussion
